id,first_name,last_name,email,gender,ip_address,date
1,Kirby,Kaesmakers,kkaesmakers0@miitbeian.gov.cn,Non-binary,229.245.176.105,2023-09-22
2,Zarla,Creaven,zcreaven1@cornell.edu,Female,106.251.229.102,2023-09-07
3,Pete,Egre,pegre2@washington.edu,Male,104.216.126.79,2023-05-24
4,Giselle,Ellams,gellams3@google.com.br,Female,17.127.49.144,2024-01-01
5,Melina,Sherland,msherland4@home.pl,Female,119.61.245.75,2024-01-14
6,Koenraad,Hurn,khurn5@twitpic.com,Male,171.232.14.244,2023-11-26
7,Rafael,Neenan,rneenan6@latimes.com,Male,77.10.237.102,2023-10-18
8,Feliza,Townrow,ftownrow7@gnu.org,Female,55.199.255.7,2023-03-03
9,Wood,Raeburn,wraeburn8@sina.com.cn,Male,0.169.252.7,2023-07-18
10,Eugenio,Geaves,egeaves9@tuttocitta.it,Male,94.167.25.48,2023-09-20
11,Olva,Maylard,omaylarda@un.org,Female,194.21.162.152,2023-10-22
12,Fleur,Khristyukhin,fkhristyukhinb@amazonaws.com,Female,173.212.138.222,2023-11-13
13,Brien,Majury,bmajuryc@omniture.com,Male,8.49.24.124,2023-08-18
14,Archibold,Twallin,atwallind@mit.edu,Male,118.250.133.219,2023-11-13
15,Worthy,Noads,wnoadse@stumbleupon.com,Male,193.176.68.96,2024-01-28
16,Paolina,Lockett,plockettf@ezinearticles.com,Non-binary,155.243.244.230,2023-06-23
17,Bil,Bohea,bboheag@simplemachines.org,Male,209.254.3.132,2023-12-29
18,Welby,Kobiela,wkobielah@clickbank.net,Genderfluid,16.221.217.20,2023-08-12
19,Jerrylee,Borrill,jborrilli@geocities.jp,Female,122.218.2.46,2023-11-08
20,Pernell,Sheldrake,psheldrakej@usgs.gov,Male,234.183.89.240,2023-07-18
21,Min,Fussell,mfussellk@biblegateway.com,Female,44.88.218.246,2023-07-06
22,Merle,Bielfeldt,mbielfeldtl@go.com,Male,222.107.72.46,2023-08-11
23,Orbadiah,Jeafferson,ojeaffersonm@google.ca,Male,191.18.183.46,2023-04-11
24,Ellissa,Dornin,edorninn@delicious.com,Female,214.23.123.250,2023-11-28
25,Lilyan,Jinkinson,ljinkinsono@harvard.edu,Female,28.196.185.201,2024-01-08
26,Shawn,Dilleway,sdillewayp@ask.com,Polygender,147.7.249.104,2023-07-19
27,Layne,Allchorn,lallchornq@usnews.com,Genderfluid,53.126.53.217,2023-08-18
28,Lorri,Shalcros,lshalcrosr@creativecommons.org,Female,200.170.212.209,2023-05-19
29,Lisbeth,Della Scala,ldellascalas@cdc.gov,Female,44.28.204.24,2024-01-11
30,Ajay,Gaydon,agaydont@tripadvisor.com,Female,126.51.72.183,2023-09-14
31,Florance,Cookes,fcookesu@nasa.gov,Female,161.128.132.55,2023-07-01
32,West,McFadin,wmcfadinv@hhs.gov,Male,170.67.53.121,2023-03-29
33,Burty,Kingaby,bkingabyw@ow.ly,Male,172.114.192.6,2023-08-13
34,Meredeth,Beveredge,mbeveredgex@dedecms.com,Male,62.101.185.193,2024-02-15
35,Alessandra,Colleran,acollerany@indiegogo.com,Female,253.42.104.124,2023-05-26
36,Gilbertine,Whight,gwhightz@smugmug.com,Female,16.156.226.10,2023-09-20
37,Rhoda,Haistwell,rhaistwell10@yelp.com,Female,119.39.90.148,2023-05-02
38,Rabi,Wragge,rwragge11@ovh.net,Male,176.226.235.114,2023-04-11
39,Butch,Zeal,bzeal12@nydailynews.com,Male,188.188.233.94,2023-05-15
40,Merrick,Corrin,mcorrin13@drupal.org,Male,83.63.84.214,2023-06-15
41,Josephine,Ferrari,jferrari14@google.nl,Female,94.154.225.221,2024-01-31
42,Jeanne,Horche,jhorche15@ustream.tv,Female,69.61.245.97,2023-05-05
43,Jakie,Vile,jvile16@reference.com,Male,243.36.208.181,2023-05-29
44,Bessy,Riggulsford,briggulsford17@fema.gov,Female,145.105.205.105,2023-06-08
45,Enid,Donnell,edonnell18@nature.com,Female,233.116.142.144,2023-04-22
46,Derward,Agastina,dagastina19@wikimedia.org,Male,153.103.7.187,2023-06-04
47,Agretha,Gierck,agierck1a@ibm.com,Female,122.198.174.40,2023-04-06
48,Tedie,Bucknill,tbucknill1b@abc.net.au,Male,228.205.99.142,2023-03-04
49,Christy,Jagg,cjagg1c@freewebs.com,Female,115.191.41.163,2024-02-01
50,Chen,Loblie,cloblie1d@yelp.com,Male,28.45.72.39,2023-11-15
51,Diarmid,Hagan,dhagan1e@dot.gov,Male,214.181.90.191,2023-06-24
52,Gleda,Lowsely,glowsely1f@bigcartel.com,Female,197.214.40.245,2023-12-24
53,Ketti,Applewhite,kapplewhite1g@theatlantic.com,Female,49.230.100.199,2023-08-25
54,Anthea,Halsworth,ahalsworth1h@csmonitor.com,Female,161.228.176.59,2023-04-25
55,Corly,Boulton,cboulton1i@photobucket.com,Female,42.198.119.219,2023-11-22
56,Darsey,Jenking,djenking1j@elpais.com,Female,100.172.48.30,2023-11-09
57,Bran,Halligan,bhalligan1k@livejournal.com,Male,214.68.232.152,2023-12-25
58,Claudelle,Buchett,cbuchett1l@google.ru,Female,39.252.177.81,2023-12-08
59,Lina,Melan,lmelan1m@hugedomains.com,Genderfluid,186.96.156.9,2023-11-03
60,Dominik,Kopje,dkopje1n@google.ca,Male,148.148.80.21,2023-11-01
61,Aryn,Swadden,aswadden1o@alexa.com,Female,61.118.227.65,2023-11-28
62,Cody,Lapham,clapham1p@oaic.gov.au,Male,145.67.240.25,2023-11-19
63,Iosep,Silveston,isilveston1q@com.com,Male,163.163.85.25,2023-12-18
64,Tandie,Deverille,tdeverille1r@ebay.com,Female,149.61.231.245,2023-11-20
65,Maurita,Zannetti,mzannetti1s@redcross.org,Female,173.24.61.192,2024-02-12
66,Julie,Pietraszek,jpietraszek1t@netvibes.com,Female,204.127.179.38,2023-06-24
67,Janek,Philcott,jphilcott1u@sphinn.com,Male,47.71.37.152,2023-03-29
68,Jeremiah,Baskeyfied,jbaskeyfied1v@amazon.de,Male,93.122.206.225,2023-04-13
69,Ninon,Stearn,nstearn1w@illinois.edu,Female,207.105.147.197,2023-07-22
70,Ginnie,Taveriner,gtaveriner1x@narod.ru,Female,36.212.200.200,2023-03-26
71,Archy,Spinola,aspinola1y@ezinearticles.com,Male,87.58.190.26,2023-12-11
72,Elena,Bicksteth,ebicksteth1z@un.org,Female,176.222.43.174,2023-03-13
73,Kiri,Crum,kcrum20@usatoday.com,Female,254.77.172.181,2023-11-28
74,Cleveland,Hudless,chudless21@privacy.gov.au,Male,161.172.122.193,2023-07-22
75,Dorelle,Rayer,drayer22@google.nl,Female,44.105.30.170,2023-06-06
76,Chrysler,Matson,cmatson23@diigo.com,Female,146.105.215.28,2023-10-17
77,Charity,Woodvine,cwoodvine24@google.co.jp,Genderqueer,153.87.106.17,2023-12-10
78,Rudd,Boutwell,rboutwell25@addthis.com,Male,89.183.136.175,2023-11-07
79,Jory,Corradetti,jcorradetti26@ft.com,Male,40.233.253.11,2024-02-26
80,Mathian,North,mnorth27@naver.com,Male,247.41.26.123,2023-09-08
81,Deirdre,Amorine,damorine28@wikipedia.org,Female,19.108.185.178,2023-04-04
82,Andie,Knewstub,aknewstub29@businesswire.com,Female,20.246.22.48,2024-02-08
83,Dara,Bezley,dbezley2a@wikipedia.org,Polygender,7.26.193.23,2023-10-04
84,Amery,Vian,avian2b@tiny.cc,Male,4.173.253.241,2024-02-10
85,Lissi,Petr,lpetr2c@sphinn.com,Female,34.184.58.154,2023-04-17
86,Randee,Blaksland,rblaksland2d@nsw.gov.au,Female,128.254.40.36,2023-08-21
87,Marjie,Bellward,mbellward2e@pcworld.com,Female,212.251.196.175,2023-03-04
88,Husain,Shelton,hshelton2f@123-reg.co.uk,Male,246.215.124.32,2023-07-16
89,Hewie,McGerraghty,hmcgerraghty2g@blog.com,Male,72.17.237.106,2023-11-01
90,Celesta,Urquhart,curquhart2h@theatlantic.com,Female,171.64.244.98,2023-07-01
91,Giles,Miguet,gmiguet2i@usnews.com,Male,9.42.253.94,2023-05-02
92,Breanne,Cassius,bcassius2j@biglobe.ne.jp,Female,169.27.133.235,2023-05-09
93,Benni,Petkovic,bpetkovic2k@mozilla.org,Female,13.37.30.153,2023-06-17
94,Reggis,Harbard,rharbard2l@digg.com,Male,181.62.188.209,2023-07-31
95,Rosalind,Mordy,rmordy2m@admin.ch,Female,57.31.246.114,2023-05-24
96,Cazzie,Mably,cmably2n@i2i.jp,Male,94.65.67.12,2023-11-02
97,Karlee,Sonschein,ksonschein2o@twitpic.com,Genderfluid,13.228.209.2,2023-08-10
98,Roderic,Peaple,rpeaple2p@nationalgeographic.com,Male,33.255.91.51,2023-04-02
99,Cort,Lindell,clindell2q@1688.com,Male,215.53.137.254,2023-06-03
100,Matthus,Jodrellec,mjodrellec2r@cnn.com,Genderqueer,171.161.126.41,2024-01-31
101,Kessiah,Ausher,kausher2s@amazon.co.jp,Female,68.235.9.86,2023-09-09
102,Horatius,Cornwall,hcornwall2t@i2i.jp,Male,19.100.201.146,2023-07-03
103,Drusilla,Mazey,dmazey2u@ca.gov,Female,157.180.207.177,2023-12-02
104,Bunni,Radbone,bradbone2v@sfgate.com,Female,197.238.172.17,2023-06-29
105,Vinny,Sifflett,vsifflett2w@youtube.com,Male,171.21.116.149,2023-11-12
106,Bette-ann,Bodycombe,bbodycombe2x@toplist.cz,Female,125.204.49.118,2023-10-23
107,Janka,Dacey,jdacey2y@google.com.hk,Female,45.5.62.40,2023-09-14
108,Brook,Freyn,bfreyn2z@dailymail.co.uk,Male,206.206.174.113,2023-12-20
109,Emmie,Van Arsdall,evanarsdall30@hud.gov,Female,169.25.178.8,2023-08-15
110,Christine,Kemmey,ckemmey31@angelfire.com,Female,28.199.232.214,2023-03-26
111,Jervis,Nisard,jnisard32@cnn.com,Male,109.51.24.112,2023-09-19
112,Audry,Ibanez,aibanez33@sciencedirect.com,Female,94.88.195.108,2023-10-04
113,Dickie,MacLise,dmaclise34@eventbrite.com,Male,156.12.63.63,2023-12-29
114,Lotta,Westgate,lwestgate35@sciencedirect.com,Female,58.103.152.238,2023-04-20
115,Reynard,Birchenough,rbirchenough36@wiley.com,Male,160.40.13.61,2023-09-27
116,Maribelle,Rainsdon,mrainsdon37@xing.com,Female,208.210.3.23,2024-01-03
117,Chelsie,Snookes,csnookes38@1688.com,Female,245.235.117.173,2024-02-06
118,Reggi,Cleiment,rcleiment39@technorati.com,Female,230.50.238.213,2024-01-15
119,Tonia,Iban,tiban3a@stanford.edu,Female,216.213.157.135,2023-10-27
120,Curtice,Statter,cstatter3b@bloomberg.com,Male,245.136.18.210,2023-12-06
121,Irv,Baff,ibaff3c@shinystat.com,Polygender,99.166.190.104,2023-08-28
122,Jeannette,Hoodless,jhoodless3d@prweb.com,Female,83.230.1.199,2023-08-09
123,Kirby,Gaythwaite,kgaythwaite3e@deliciousdays.com,Female,77.183.86.63,2023-12-19
124,Kristen,Costerd,kcosterd3f@springer.com,Agender,179.95.210.61,2023-06-26
125,Lois,Mangenot,lmangenot3g@hp.com,Female,69.214.158.223,2024-03-02
126,Haskell,Falla,hfalla3h@yolasite.com,Polygender,241.174.195.251,2024-02-12
127,Consalve,Caroll,ccaroll3i@pen.io,Non-binary,219.88.152.55,2023-03-24
128,Regan,Semor,rsemor3j@nationalgeographic.com,Female,61.170.18.212,2023-12-12
129,Stephana,Schimonek,sschimonek3k@miitbeian.gov.cn,Female,201.36.88.157,2023-08-16
130,Geoff,Vanyarkin,gvanyarkin3l@wired.com,Male,45.51.83.12,2023-09-10
131,Lindon,Savile,lsavile3m@adobe.com,Male,194.139.49.191,2023-06-04
132,Doroteya,Gunner,dgunner3n@sphinn.com,Female,157.175.79.65,2023-11-29
133,Shaun,Speller,sspeller3o@nps.gov,Female,220.51.126.134,2023-10-25
134,Ethelyn,Theseira,etheseira3p@ucoz.com,Bigender,61.99.218.101,2023-06-10
135,Dona,Keene,dkeene3q@hubpages.com,Female,49.124.252.180,2024-01-27
136,Darsie,Hebblewaite,dhebblewaite3r@flavors.me,Female,63.201.99.149,2023-06-15
137,Bennie,Latchmore,blatchmore3s@ibm.com,Male,101.83.47.241,2023-09-26
138,Jacqueline,Wickerson,jwickerson3t@umn.edu,Polygender,16.216.115.138,2023-04-03
139,Jeramey,Bernhart,jbernhart3u@wordpress.org,Male,149.130.68.50,2023-10-01
140,Gloria,Bretton,gbretton3v@miitbeian.gov.cn,Female,43.9.58.137,2024-02-27
141,Eb,Geffcock,egeffcock3w@cafepress.com,Male,230.37.228.219,2023-09-26
142,Garold,Jedrzejewski,gjedrzejewski3x@salon.com,Male,68.156.248.165,2023-11-12
143,Sammie,Feavers,sfeavers3y@sina.com.cn,Male,30.61.85.63,2023-09-15
144,Eustacia,Dudgeon,edudgeon3z@google.com.hk,Female,132.83.162.81,2023-03-24
145,Gnni,Coveny,gcoveny40@w3.org,Female,111.102.173.77,2023-09-16
146,Craggie,Hedney,chedney41@surveymonkey.com,Male,236.192.231.189,2023-11-17
147,Alvera,Mattocks,amattocks42@state.tx.us,Female,153.20.212.30,2023-05-23
148,Nestor,Rubel,nrubel43@theguardian.com,Male,152.64.91.244,2023-08-02
149,Cesya,Frankema,cfrankema44@pen.io,Female,65.86.176.179,2023-12-19
150,Sidnee,Nicholas,snicholas45@imgur.com,Male,0.242.68.171,2023-09-06
151,Marcus,Lintot,mlintot46@howstuffworks.com,Male,42.199.92.151,2023-12-03
152,Meg,Studd,mstudd47@oracle.com,Female,235.131.118.120,2023-04-20
153,Iver,Cockerton,icockerton48@hatena.ne.jp,Male,249.150.12.202,2023-03-16
154,Neddy,Avon,navon49@icq.com,Male,185.94.239.199,2023-05-26
155,Ellerey,Russ,eruss4a@msu.edu,Male,55.140.27.93,2023-07-21
156,Osborne,Garrelts,ogarrelts4b@japanpost.jp,Male,71.170.161.91,2023-11-04
157,Thurstan,Airs,tairs4c@woothemes.com,Male,218.12.66.72,2023-06-04
158,Nevsa,Fossick,nfossick4d@latimes.com,Female,232.163.1.104,2023-05-08
159,Carlye,Capini,ccapini4e@hc360.com,Female,249.38.67.144,2023-04-13
160,Wynne,Zavattiero,wzavattiero4f@sakura.ne.jp,Female,123.193.135.110,2024-02-04
161,Gian,Copping,gcopping4g@google.pl,Male,59.187.82.103,2023-09-19
162,Marla,Sidnell,msidnell4h@cloudflare.com,Female,195.238.12.36,2024-02-13
163,Carri,Spring,cspring4i@mail.ru,Female,58.103.135.175,2023-07-06
164,Alex,Arkwright,aarkwright4j@pen.io,Female,151.80.11.70,2023-07-05
165,Nils,Newport,nnewport4k@harvard.edu,Male,94.143.90.1,2023-08-07
166,Ignazio,Mabee,imabee4l@berkeley.edu,Male,146.25.203.197,2023-09-14
167,Clare,Damrel,cdamrel4m@nytimes.com,Male,167.161.236.159,2024-01-05
168,Rozelle,O'Shevlan,roshevlan4n@bloomberg.com,Female,229.150.33.131,2023-06-15
169,Malory,Rivenzon,mrivenzon4o@amazon.com,Female,223.82.115.108,2023-09-23
170,Quintin,Stiell,qstiell4p@shareasale.com,Male,33.212.143.99,2023-11-06
171,Mara,Pashbee,mpashbee4q@themeforest.net,Female,60.187.199.200,2023-11-17
172,Cherye,Wick,cwick4r@purevolume.com,Female,205.86.191.239,2023-08-05
173,Royal,Bassett,rbassett4s@constantcontact.com,Male,232.101.55.162,2023-12-23
174,Krystyna,Gosson,kgosson4t@pcworld.com,Female,39.213.91.22,2024-01-31
175,Felita,McCuis,fmccuis4u@phoca.cz,Female,249.67.133.59,2023-07-22
176,Anderea,Cicco,acicco4v@examiner.com,Female,63.99.130.116,2023-05-24
177,Essie,Ivanenkov,eivanenkov4w@ucoz.com,Female,249.226.91.218,2023-03-09
178,Shelley,Southan,ssouthan4x@creativecommons.org,Female,25.226.66.245,2023-05-28
179,Ebba,Alison,ealison4y@biblegateway.com,Female,205.213.151.175,2024-01-29
180,Kalie,Rainford,krainford4z@buzzfeed.com,Female,45.182.10.177,2023-11-13
181,Blondell,Denney,bdenney50@ed.gov,Female,3.55.116.202,2023-12-29
182,Winna,Edmands,wedmands51@earthlink.net,Female,144.210.211.20,2023-04-08
183,Ailina,Amort,aamort52@elpais.com,Female,175.48.16.100,2024-02-08
184,Cheryl,Webby,cwebby53@cbc.ca,Female,11.138.62.3,2023-10-19
185,Stacie,Alesio,salesio54@opensource.org,Female,181.66.228.54,2023-10-28
186,Anny,Brimman,abrimman55@ftc.gov,Female,177.168.204.195,2023-07-15
187,Laural,Yuryichev,lyuryichev56@xing.com,Female,181.244.98.46,2024-01-24
188,Blisse,Crocetti,bcrocetti57@wp.com,Female,105.33.108.216,2024-02-28
189,Bondon,Genny,bgenny58@irs.gov,Male,52.27.44.148,2023-09-23
190,Marlyn,Lettsom,mlettsom59@nationalgeographic.com,Female,13.99.99.86,2024-02-03
191,Preston,Gossop,pgossop5a@taobao.com,Male,89.149.221.121,2023-11-20
192,Arlyne,Shepherd,ashepherd5b@t.co,Female,253.77.72.101,2024-01-16
193,Annamaria,O'Duilleain,aoduilleain5c@so-net.ne.jp,Female,8.253.36.190,2023-10-24
194,Helene,Babonau,hbabonau5d@digg.com,Female,3.71.243.167,2023-12-31
195,Harlie,Waddicor,hwaddicor5e@patch.com,Female,119.21.163.128,2023-09-28
196,Sandye,Binyon,sbinyon5f@shop-pro.jp,Female,82.151.31.11,2023-07-31
197,Elwin,Cheetham,echeetham5g@alexa.com,Male,145.123.48.74,2023-07-16
198,Anselma,Eldershaw,aeldershaw5h@gizmodo.com,Female,177.142.95.80,2023-06-15
199,Raimund,McMenemy,rmcmenemy5i@purevolume.com,Male,252.171.138.171,2023-12-08
200,Renell,Warham,rwarham5j@ebay.co.uk,Female,27.99.18.27,2023-11-27
